Title,Description,Link,Media URL,Pinterest board,Publish date
Free 21 Addition Math Worksheet For Grade 5 With Answers | Printable Practice,Help kids master Addition with this printable worksheet for Grade 5. Great for daily math practice.,https://mathworksheetkidscircle.github.io/html/free-21-addition-math-worksheet-for-grade-5-with-answers-2889.html,https://mathworksheetkidscircle.github.io/images/free-21-addition-math-worksheet-for-grade-5-with-answers-2889.jpg,Elementary Math Activities,03/17/2026 08:36:00 AM
3 Free Count and Color Worksheets for Grade 1,Fun and engaging Count and Color worksheet for Grade 1. Perfect printable math practice.,https://mathworksheetkidscircle.github.io/html/3-free-count-and-color-worksheets-for-grade-1-5460.html,https://mathworksheetkidscircle.github.io/images/3-free-count-and-color-worksheets-for-grade-1-5460.jpg,Homeschool Math,03/17/2026 11:03:00 AM
Learn Counting With Pictures Worksheet (Kindergarten) - Part 3 | Printable Practice,Free printable Counting Objects worksheet for Kindergarten. Perfect for homeschool practice and classroom activities.,https://mathworksheetkidscircle.github.io/html/learn-counting-with-pictures-worksheet-kindergarten-part-3-7009.html,https://mathworksheetkidscircle.github.io/images/learn-counting-with-pictures-worksheet-kindergarten-part-3-7009.jpg,Elementary Math Activities,03/17/2026 01:32:00 PM
Free 16 Division Math Worksheet For Grade 2 - Part 4 | Printable Practice,Free printable Division worksheet for Grade 2. Perfect for homeschool practice and classroom activities.,https://mathworksheetkidscircle.github.io/html/free-16-division-math-worksheet-for-grade-2-part-4-2698.html,https://mathworksheetkidscircle.github.io/images/free-16-division-math-worksheet-for-grade-2-part-4-2698.jpg,Homeschool Math,03/17/2026 04:22:00 PM
Daily Math Knowledge Test Worksheet for Teens,Fun and engaging Math worksheet for Math. Perfect printable math practice.,https://mathworksheetkidscircle.github.io/html/daily-math-knowledge-test-worksheet-for-teens-5197.html,https://mathworksheetkidscircle.github.io/images/daily-math-knowledge-test-worksheet-for-teens-5197.jpg,Printable Worksheets,03/17/2026 08:28:00 PM
Missing Number Math Worksheet,Fun and engaging Missing Number worksheet for Grade 1. Perfect printable math practice.,https://mathworksheetkidscircle.github.io/html/missing-number-math-worksheet-7143.html,https://mathworksheetkidscircle.github.io/images/missing-number-math-worksheet-7143.jpg,Homeschool Math,03/18/2026 08:34:00 AM
Mixed Operations Math Worksheet,Fun and engaging Mixed Operations worksheet for Grade 3. Perfect printable math practice.,https://mathworksheetkidscircle.github.io/html/mixed-operations-math-worksheet-2409.html,https://mathworksheetkidscircle.github.io/images/mixed-operations-math-worksheet-2409.jpg,Kids Math Worksheets,03/18/2026 11:05:00 AM
Free 14 Multiplication Math Worksheet For Grade 2 - Part 8 | Printable Practice,Printable Multiplication worksheet designed for Grade 2 students. Easy and fun math practice.,https://mathworksheetkidscircle.github.io/html/free-14-multiplication-math-worksheet-for-grade-2-part-8-6455.html,https://mathworksheetkidscircle.github.io/images/free-14-multiplication-math-worksheet-for-grade-2-part-8-6455.jpg,Homeschool Math,03/18/2026 01:23:00 PM
Free 24 Subtraction Math Worksheet For Grade 2 With Answers - Part 9 | Printable Practice,Printable Subtraction worksheet designed for Grade 2 students. Easy and fun math practice.,https://mathworksheetkidscircle.github.io/html/free-24-subtraction-math-worksheet-for-grade-2-with-answers-part-9-9382.html,https://mathworksheetkidscircle.github.io/images/free-24-subtraction-math-worksheet-for-grade-2-with-answers-part-9-9382.jpg,Printable Worksheets,03/18/2026 04:37:00 PM
Grade 4 Multiplication Table 11 Practice - Part 10 | Printable Practice,Help kids master Times Table with this printable worksheet for Grade 4. Great for daily math practice.,https://mathworksheetkidscircle.github.io/html/grade-4-multiplication-table-11-practice-part-10-5544.html,https://mathworksheetkidscircle.github.io/images/grade-4-multiplication-table-11-practice-part-10-5544.jpg,Kids Math Worksheets,03/18/2026 08:29:00 PM
Printable Tracing Worksheet For Kids - Part 11 | Free Printable,Teachers and parents love this Tracing worksheet for Preschool. Download and print instantly.,https://mathworksheetkidscircle.github.io/html/printable-tracing-worksheet-for-kids-part-11-4552.html,https://mathworksheetkidscircle.github.io/images/printable-tracing-worksheet-for-kids-part-11-4552.jpg,Math Practice Printables,03/19/2026 08:37:00 AM
Math Word Problem Worksheet,Printable Word Problem worksheet designed for Grade 3 students. Easy and fun math practice.,https://mathworksheetkidscircle.github.io/html/math-word-problem-worksheet-8840.html,https://mathworksheetkidscircle.github.io/images/math-word-problem-worksheet-8840.jpg,Elementary Math Activities,03/19/2026 11:04:00 AM
Free 10 Addition Math Worksheet For Grade 1 With Answers - Part 13 | Printable Practice,Fun and engaging Addition worksheet for Grade 1. Perfect printable math practice.,https://mathworksheetkidscircle.github.io/html/free-10-addition-math-worksheet-for-grade-1-with-answers-part-13-5094.html,https://mathworksheetkidscircle.github.io/images/free-10-addition-math-worksheet-for-grade-1-with-answers-part-13-5094.jpg,Math Practice Printables,03/19/2026 01:33:00 PM
Fun Count and Color Objects Worksheet for Kindergarten,Free printable Count and Color worksheet for Kindergarten. Perfect for homeschool practice and classroom activities.,https://mathworksheetkidscircle.github.io/html/fun-count-and-color-objects-worksheet-for-kindergarten-3661.html,https://mathworksheetkidscircle.github.io/images/fun-count-and-color-objects-worksheet-for-kindergarten-3661.jpg,Printable Worksheets,03/19/2026 04:33:00 PM
Learn Counting With Pictures Worksheet (Pre-K) - Part 15 | Printable Practice,Printable Counting Objects worksheet designed for Pre-K students. Easy and fun math practice.,https://mathworksheetkidscircle.github.io/html/learn-counting-with-pictures-worksheet-pre-k-part-15-7173.html,https://mathworksheetkidscircle.github.io/images/learn-counting-with-pictures-worksheet-pre-k-part-15-7173.jpg,Printable Worksheets,03/19/2026 08:33:00 PM
Grade 2 Division Practice Worksheet (14 Problems) - Part 16 | Printable Practice,Printable Division worksheet designed for Grade 2 students. Easy and fun math practice.,https://mathworksheetkidscircle.github.io/html/grade-2-division-practice-worksheet-14-problems-part-16-1203.html,https://mathworksheetkidscircle.github.io/images/grade-2-division-practice-worksheet-14-problems-part-16-1203.jpg,Math Practice Printables,03/20/2026 08:25:00 AM
Advanced Math Skill Test Test Worksheet for Teens,Teachers and parents love this Math worksheet for Math. Download and print instantly.,https://mathworksheetkidscircle.github.io/html/advanced-math-skill-test-test-worksheet-for-teens-6315.html,https://mathworksheetkidscircle.github.io/images/advanced-math-skill-test-test-worksheet-for-teens-6315.jpg,Printable Worksheets,03/20/2026 11:02:00 AM
Missing Number Math Worksheet,Help kids master Missing Number with this printable worksheet for Grade 1. Great for daily math practice.,https://mathworksheetkidscircle.github.io/html/missing-number-math-worksheet-4934.html,https://mathworksheetkidscircle.github.io/images/missing-number-math-worksheet-4934.jpg,Printable Worksheets,03/20/2026 01:25:00 PM
Mixed Operations Math Worksheet,Printable Mixed Operations worksheet designed for Grade 3 students. Easy and fun math practice.,https://mathworksheetkidscircle.github.io/html/mixed-operations-math-worksheet-7572.html,https://mathworksheetkidscircle.github.io/images/mixed-operations-math-worksheet-7572.jpg,Math Practice Printables,03/20/2026 04:28:00 PM
Free 30 Multiplication Math Worksheet For Grade 1 With Answers - Part 20 | Printable Practice,Free printable Multiplication worksheet for Grade 1. Perfect for homeschool practice and classroom activities.,https://mathworksheetkidscircle.github.io/html/free-30-multiplication-math-worksheet-for-grade-1-with-answers-part-20-9930.html,https://mathworksheetkidscircle.github.io/images/free-30-multiplication-math-worksheet-for-grade-1-with-answers-part-20-9930.jpg,Printable Worksheets,03/20/2026 08:23:00 PM
Grade 5 Subtraction Practice Worksheet (23 Problems) - Part 21 | Printable Practice,Fun and engaging Subtraction worksheet for Grade 5. Perfect printable math practice.,https://mathworksheetkidscircle.github.io/html/grade-5-subtraction-practice-worksheet-23-problems-part-21-4438.html,https://mathworksheetkidscircle.github.io/images/grade-5-subtraction-practice-worksheet-23-problems-part-21-4438.jpg,Elementary Math Activities,03/21/2026 08:22:00 AM
Printable 7 Times Table Worksheet For Grade 3 - Part 22 | Printable Practice,Teachers and parents love this Times Table worksheet for Grade 3. Download and print instantly.,https://mathworksheetkidscircle.github.io/html/printable-7-times-table-worksheet-for-grade-3-part-22-8754.html,https://mathworksheetkidscircle.github.io/images/printable-7-times-table-worksheet-for-grade-3-part-22-8754.jpg,Homeschool Math,03/21/2026 11:01:00 AM
Printable Tracing Worksheet For Kids - Part 23 | Free Printable,Free printable Tracing worksheet for Kindergarten. Perfect for homeschool practice and classroom activities.,https://mathworksheetkidscircle.github.io/html/printable-tracing-worksheet-for-kids-part-23-4043.html,https://mathworksheetkidscircle.github.io/images/printable-tracing-worksheet-for-kids-part-23-4043.jpg,Printable Worksheets,03/21/2026 01:36:00 PM
Math Word Problem Worksheet,Teachers and parents love this Word Problem worksheet for Grade 3. Download and print instantly.,https://mathworksheetkidscircle.github.io/html/math-word-problem-worksheet-8079.html,https://mathworksheetkidscircle.github.io/images/math-word-problem-worksheet-8079.jpg,Printable Worksheets,03/21/2026 04:33:00 PM
Printable Free 18 Addition Math Worksheet For Grade 5 - Part 25 | Printable Practice,Teachers and parents love this Addition worksheet for Grade 5. Download and print instantly.,https://mathworksheetkidscircle.github.io/html/printable-free-18-addition-math-worksheet-for-grade-5-part-25-6032.html,https://mathworksheetkidscircle.github.io/images/printable-free-18-addition-math-worksheet-for-grade-5-part-25-6032.jpg,Math Practice Printables,03/21/2026 08:26:00 PM
Fun Count and Color Objects Worksheet for Preschool,Free printable Count and Color worksheet for Preschool. Perfect for homeschool practice and classroom activities.,https://mathworksheetkidscircle.github.io/html/fun-count-and-color-objects-worksheet-for-preschool-9315.html,https://mathworksheetkidscircle.github.io/images/fun-count-and-color-objects-worksheet-for-preschool-9315.jpg,Printable Worksheets,03/22/2026 08:33:00 AM
Free Counting Objects Worksheet For Pre-K Printable - Part 27 | Printable Practice,Free printable Counting Objects worksheet for Pre-K. Perfect for homeschool practice and classroom activities.,https://mathworksheetkidscircle.github.io/html/free-counting-objects-worksheet-for-pre-k-printable-part-27-8817.html,https://mathworksheetkidscircle.github.io/images/free-counting-objects-worksheet-for-pre-k-printable-part-27-8817.jpg,Printable Worksheets,03/22/2026 11:02:00 AM
Free 20 Division Math Worksheet For Grade 2 - Part 28 | Printable Practice,Fun and engaging Division worksheet for Grade 2. Perfect printable math practice.,https://mathworksheetkidscircle.github.io/html/free-20-division-math-worksheet-for-grade-2-part-28-1574.html,https://mathworksheetkidscircle.github.io/images/free-20-division-math-worksheet-for-grade-2-part-28-1574.jpg,Kids Math Worksheets,03/22/2026 01:32:00 PM
Printable Mathematics Practice for Students (4 Questions),Help kids master Math with this printable worksheet for Math. Great for daily math practice.,https://mathworksheetkidscircle.github.io/html/printable-mathematics-practice-for-students-4-questions-8050.html,https://mathworksheetkidscircle.github.io/images/printable-mathematics-practice-for-students-4-questions-8050.jpg,Math Practice Printables,03/22/2026 04:27:00 PM
Missing Number Math Worksheet,Teachers and parents love this Missing Number worksheet for Grade 1. Download and print instantly.,https://mathworksheetkidscircle.github.io/html/missing-number-math-worksheet-1675.html,https://mathworksheetkidscircle.github.io/images/missing-number-math-worksheet-1675.jpg,Kids Math Worksheets,03/22/2026 08:25:00 PM
Mixed Operations Math Worksheet,Help kids master Mixed Operations with this printable worksheet for Grade 3. Great for daily math practice.,https://mathworksheetkidscircle.github.io/html/mixed-operations-math-worksheet-5991.html,https://mathworksheetkidscircle.github.io/images/mixed-operations-math-worksheet-5991.jpg,Elementary Math Activities,03/23/2026 08:36:00 AM
Free 19 Multiplication Math Worksheet For Grade 2 With Answers - Part 32 | Printable Practice,Fun and engaging Multiplication worksheet for Grade 2. Perfect printable math practice.,https://mathworksheetkidscircle.github.io/html/free-19-multiplication-math-worksheet-for-grade-2-with-answers-part-32-3444.html,https://mathworksheetkidscircle.github.io/images/free-19-multiplication-math-worksheet-for-grade-2-with-answers-part-32-3444.jpg,Elementary Math Activities,03/23/2026 11:06:00 AM
Printable Free 18 Subtraction Math Worksheet For Grade 5 - Part 33 | Printable Practice,Teachers and parents love this Subtraction worksheet for Grade 5. Download and print instantly.,https://mathworksheetkidscircle.github.io/html/printable-free-18-subtraction-math-worksheet-for-grade-5-part-33-8727.html,https://mathworksheetkidscircle.github.io/images/printable-free-18-subtraction-math-worksheet-for-grade-5-part-33-8727.jpg,Math Practice Printables,03/23/2026 01:27:00 PM
11 Times Table Worksheet For Grade 4 - Part 34 | Printable Practice,Help kids master Times Table with this printable worksheet for Grade 4. Great for daily math practice.,https://mathworksheetkidscircle.github.io/html/11-times-table-worksheet-for-grade-4-part-34-1410.html,https://mathworksheetkidscircle.github.io/images/11-times-table-worksheet-for-grade-4-part-34-1410.jpg,Kids Math Worksheets,03/23/2026 04:32:00 PM
Printable Tracing Worksheet For Kids - Part 35 | Free Printable,Fun and engaging Tracing worksheet for Kindergarten. Perfect printable math practice.,https://mathworksheetkidscircle.github.io/html/printable-tracing-worksheet-for-kids-part-35-7266.html,https://mathworksheetkidscircle.github.io/images/printable-tracing-worksheet-for-kids-part-35-7266.jpg,Elementary Math Activities,03/23/2026 08:32:00 PM
Math Word Problem Worksheet,Fun and engaging Word Problem worksheet for Grade 3. Perfect printable math practice.,https://mathworksheetkidscircle.github.io/html/math-word-problem-worksheet-3778.html,https://mathworksheetkidscircle.github.io/images/math-word-problem-worksheet-3778.jpg,Kids Math Worksheets,03/24/2026 08:36:00 AM
Free 30 Addition Math Worksheet For Grade 3 With Answers - Part 37 | Printable Practice,Fun and engaging Addition worksheet for Grade 3. Perfect printable math practice.,https://mathworksheetkidscircle.github.io/html/free-30-addition-math-worksheet-for-grade-3-with-answers-part-37-8230.html,https://mathworksheetkidscircle.github.io/images/free-30-addition-math-worksheet-for-grade-3-with-answers-part-37-8230.jpg,Printable Worksheets,03/24/2026 11:00:00 AM
"Count and Color Car, Flower, Ball Worksheet for Kids",Printable Count and Color worksheet designed for Grade 1 students. Easy and fun math practice.,https://mathworksheetkidscircle.github.io/html/count-and-color-car-flower-ball-worksheet-for-kids-4103.html,https://mathworksheetkidscircle.github.io/images/count-and-color-car-flower-ball-worksheet-for-kids-4103.jpg,Printable Worksheets,03/24/2026 01:23:00 PM
Kindergarten Count The Objects Worksheet - Part 39 | Printable Practice,Free printable Counting Objects worksheet for Kindergarten. Perfect for homeschool practice and classroom activities.,https://mathworksheetkidscircle.github.io/html/kindergarten-count-the-objects-worksheet-part-39-6758.html,https://mathworksheetkidscircle.github.io/images/kindergarten-count-the-objects-worksheet-part-39-6758.jpg,Printable Worksheets,03/24/2026 04:29:00 PM
Free 23 Division Math Worksheet For Grade 2 With Answers - Part 40 | Printable Practice,Teachers and parents love this Division worksheet for Grade 2. Download and print instantly.,https://mathworksheetkidscircle.github.io/html/free-23-division-math-worksheet-for-grade-2-with-answers-part-40-2156.html,https://mathworksheetkidscircle.github.io/images/free-23-division-math-worksheet-for-grade-2-with-answers-part-40-2156.jpg,Math Practice Printables,03/24/2026 08:37:00 PM
Challenging Math Questions for Students (4 Questions),Teachers and parents love this Math worksheet for Math. Download and print instantly.,https://mathworksheetkidscircle.github.io/html/challenging-math-questions-for-students-4-questions-1934.html,https://mathworksheetkidscircle.github.io/images/challenging-math-questions-for-students-4-questions-1934.jpg,Homeschool Math,03/25/2026 08:25:00 AM
Missing Number Math Worksheet,Free printable Missing Number worksheet for Grade 1. Perfect for homeschool practice and classroom activities.,https://mathworksheetkidscircle.github.io/html/missing-number-math-worksheet-9324.html,https://mathworksheetkidscircle.github.io/images/missing-number-math-worksheet-9324.jpg,Kids Math Worksheets,03/25/2026 11:00:00 AM
Mixed Operations Math Worksheet,Free printable Mixed Operations worksheet for Grade 3. Perfect for homeschool practice and classroom activities.,https://mathworksheetkidscircle.github.io/html/mixed-operations-math-worksheet-8985.html,https://mathworksheetkidscircle.github.io/images/mixed-operations-math-worksheet-8985.jpg,Homeschool Math,03/25/2026 01:22:00 PM
Printable Free 28 Multiplication Math Worksheet For Grade 2 - Part 44 | Printable Practice,Free printable Multiplication worksheet for Grade 2. Perfect for homeschool practice and classroom activities.,https://mathworksheetkidscircle.github.io/html/printable-free-28-multiplication-math-worksheet-for-grade-2-part-44-2782.html,https://mathworksheetkidscircle.github.io/images/printable-free-28-multiplication-math-worksheet-for-grade-2-part-44-2782.jpg,Math Practice Printables,03/25/2026 04:31:00 PM
Free 29 Subtraction Math Worksheet For Grade 2 - Part 45 | Printable Practice,Free printable Subtraction worksheet for Grade 2. Perfect for homeschool practice and classroom activities.,https://mathworksheetkidscircle.github.io/html/free-29-subtraction-math-worksheet-for-grade-2-part-45-4229.html,https://mathworksheetkidscircle.github.io/images/free-29-subtraction-math-worksheet-for-grade-2-part-45-4229.jpg,Math Practice Printables,03/25/2026 08:23:00 PM
8 Times Table Worksheet For Grade 3 - Part 46 | Printable Practice,Free printable Times Table worksheet for Grade 3. Perfect for homeschool practice and classroom activities.,https://mathworksheetkidscircle.github.io/html/8-times-table-worksheet-for-grade-3-part-46-6042.html,https://mathworksheetkidscircle.github.io/images/8-times-table-worksheet-for-grade-3-part-46-6042.jpg,Math Practice Printables,03/26/2026 08:38:00 AM
Printable Tracing Worksheet For Kids - Part 47 | Free Printable,Printable Tracing worksheet designed for Kindergarten students. Easy and fun math practice.,https://mathworksheetkidscircle.github.io/html/printable-tracing-worksheet-for-kids-part-47-6477.html,https://mathworksheetkidscircle.github.io/images/printable-tracing-worksheet-for-kids-part-47-6477.jpg,Math Practice Printables,03/26/2026 11:01:00 AM
Math Word Problem Worksheet,Free printable Word Problem worksheet for Grade 3. Perfect for homeschool practice and classroom activities.,https://mathworksheetkidscircle.github.io/html/math-word-problem-worksheet-5471.html,https://mathworksheetkidscircle.github.io/images/math-word-problem-worksheet-5471.jpg,Printable Worksheets,03/26/2026 01:31:00 PM
Free 29 Addition Math Worksheet For Grade 3 - Part 49 | Printable Practice,Teachers and parents love this Addition worksheet for Grade 3. Download and print instantly.,https://mathworksheetkidscircle.github.io/html/free-29-addition-math-worksheet-for-grade-3-part-49-2107.html,https://mathworksheetkidscircle.github.io/images/free-29-addition-math-worksheet-for-grade-3-part-49-2107.jpg,Printable Worksheets,03/26/2026 04:37:00 PM
Printable Count and Color Worksheet for Preschool Kids,Fun and engaging Count and Color worksheet for Preschool. Perfect printable math practice.,https://mathworksheetkidscircle.github.io/html/printable-count-and-color-worksheet-for-preschool-kids-4486.html,https://mathworksheetkidscircle.github.io/images/printable-count-and-color-worksheet-for-preschool-kids-4486.jpg,Math Practice Printables,03/26/2026 08:29:00 PM
Learn Counting With Pictures Worksheet (Kindergarten) - Part 51 | Printable Practice,Teachers and parents love this Counting Objects worksheet for Kindergarten. Download and print instantly.,https://mathworksheetkidscircle.github.io/html/learn-counting-with-pictures-worksheet-kindergarten-part-51-3449.html,https://mathworksheetkidscircle.github.io/images/learn-counting-with-pictures-worksheet-kindergarten-part-51-3449.jpg,Printable Worksheets,03/27/2026 08:25:00 AM
Grade 2 Division Practice Worksheet (11 Problems) - Part 52 | Printable Practice,Printable Division worksheet designed for Grade 2 students. Easy and fun math practice.,https://mathworksheetkidscircle.github.io/html/grade-2-division-practice-worksheet-11-problems-part-52-1427.html,https://mathworksheetkidscircle.github.io/images/grade-2-division-practice-worksheet-11-problems-part-52-1427.jpg,Printable Worksheets,03/27/2026 11:07:00 AM
7 Math Trivia Quiz Worksheet for High School Students,Fun and engaging Math worksheet for Math. Perfect printable math practice.,https://mathworksheetkidscircle.github.io/html/7-math-trivia-quiz-worksheet-for-high-school-students-3474.html,https://mathworksheetkidscircle.github.io/images/7-math-trivia-quiz-worksheet-for-high-school-students-3474.jpg,Homeschool Math,03/27/2026 01:23:00 PM
Missing Number Math Worksheet,Teachers and parents love this Missing Number worksheet for Grade 1. Download and print instantly.,https://mathworksheetkidscircle.github.io/html/missing-number-math-worksheet-9819.html,https://mathworksheetkidscircle.github.io/images/missing-number-math-worksheet-9819.jpg,Homeschool Math,03/27/2026 04:36:00 PM
Mixed Operations Math Worksheet,Help kids master Mixed Operations with this printable worksheet for Grade 3. Great for daily math practice.,https://mathworksheetkidscircle.github.io/html/mixed-operations-math-worksheet-8489.html,https://mathworksheetkidscircle.github.io/images/mixed-operations-math-worksheet-8489.jpg,Elementary Math Activities,03/27/2026 08:29:00 PM
Printable Free 12 Multiplication Math Worksheet For Grade 1 - Part 56 | Printable Practice,Printable Multiplication worksheet designed for Grade 1 students. Easy and fun math practice.,https://mathworksheetkidscircle.github.io/html/printable-free-12-multiplication-math-worksheet-for-grade-1-part-56-4175.html,https://mathworksheetkidscircle.github.io/images/printable-free-12-multiplication-math-worksheet-for-grade-1-part-56-4175.jpg,Math Practice Printables,03/28/2026 08:33:00 AM
Grade 2 Subtraction Practice Worksheet (25 Problems) - Part 57 | Printable Practice,Printable Subtraction worksheet designed for Grade 2 students. Easy and fun math practice.,https://mathworksheetkidscircle.github.io/html/grade-2-subtraction-practice-worksheet-25-problems-part-57-4204.html,https://mathworksheetkidscircle.github.io/images/grade-2-subtraction-practice-worksheet-25-problems-part-57-4204.jpg,Kids Math Worksheets,03/28/2026 11:00:00 AM
Printable 9 Times Table Worksheet For Grade 3 - Part 58 | Printable Practice,Teachers and parents love this Times Table worksheet for Grade 3. Download and print instantly.,https://mathworksheetkidscircle.github.io/html/printable-9-times-table-worksheet-for-grade-3-part-58-8925.html,https://mathworksheetkidscircle.github.io/images/printable-9-times-table-worksheet-for-grade-3-part-58-8925.jpg,Homeschool Math,03/28/2026 01:32:00 PM
Printable Tracing Worksheet For Kids - Part 59 | Free Printable,Free printable Tracing worksheet for Kindergarten. Perfect for homeschool practice and classroom activities.,https://mathworksheetkidscircle.github.io/html/printable-tracing-worksheet-for-kids-part-59-1845.html,https://mathworksheetkidscircle.github.io/images/printable-tracing-worksheet-for-kids-part-59-1845.jpg,Kids Math Worksheets,03/28/2026 04:25:00 PM
Math Word Problem Worksheet,Help kids master Word Problem with this printable worksheet for Grade 3. Great for daily math practice.,https://mathworksheetkidscircle.github.io/html/math-word-problem-worksheet-6684.html,https://mathworksheetkidscircle.github.io/images/math-word-problem-worksheet-6684.jpg,Elementary Math Activities,03/28/2026 08:29:00 PM
Grade 1 Addition Practice Worksheet (28 Problems) - Part 61 | Printable Practice,Help kids master Addition with this printable worksheet for Grade 1. Great for daily math practice.,https://mathworksheetkidscircle.github.io/html/grade-1-addition-practice-worksheet-28-problems-part-61-2969.html,https://mathworksheetkidscircle.github.io/images/grade-1-addition-practice-worksheet-28-problems-part-61-2969.jpg,Math Practice Printables,03/29/2026 08:23:00 AM
"Count and Color Flower, Apple, Ball Worksheet for Kids",Free printable Count and Color worksheet for Kindergarten. Perfect for homeschool practice and classroom activities.,https://mathworksheetkidscircle.github.io/html/count-and-color-flower-apple-ball-worksheet-for-kids-4220.html,https://mathworksheetkidscircle.github.io/images/count-and-color-flower-apple-ball-worksheet-for-kids-4220.jpg,Math Practice Printables,03/29/2026 11:01:00 AM
Pre-K Count The Objects Worksheet - Part 63 | Printable Practice,Free printable Counting Objects worksheet for Pre-K. Perfect for homeschool practice and classroom activities.,https://mathworksheetkidscircle.github.io/html/pre-k-count-the-objects-worksheet-part-63-2913.html,https://mathworksheetkidscircle.github.io/images/pre-k-count-the-objects-worksheet-part-63-2913.jpg,Printable Worksheets,03/29/2026 01:34:00 PM
Free 11 Division Math Worksheet For Grade 1 - Part 64 | Printable Practice,Teachers and parents love this Division worksheet for Grade 1. Download and print instantly.,https://mathworksheetkidscircle.github.io/html/free-11-division-math-worksheet-for-grade-1-part-64-7543.html,https://mathworksheetkidscircle.github.io/images/free-11-division-math-worksheet-for-grade-1-part-64-7543.jpg,Elementary Math Activities,03/29/2026 04:27:00 PM
Free Printable Math Knowledge Test Test Worksheet,Help kids master Math with this printable worksheet for Math. Great for daily math practice.,https://mathworksheetkidscircle.github.io/html/free-printable-math-knowledge-test-test-worksheet-5614.html,https://mathworksheetkidscircle.github.io/images/free-printable-math-knowledge-test-test-worksheet-5614.jpg,Kids Math Worksheets,03/29/2026 08:29:00 PM
Missing Number Math Worksheet,Fun and engaging Missing Number worksheet for Grade 1. Perfect printable math practice.,https://mathworksheetkidscircle.github.io/html/missing-number-math-worksheet-1596.html,https://mathworksheetkidscircle.github.io/images/missing-number-math-worksheet-1596.jpg,Kids Math Worksheets,03/30/2026 08:34:00 AM
Mixed Operations Math Worksheet,Help kids master Mixed Operations with this printable worksheet for Grade 3. Great for daily math practice.,https://mathworksheetkidscircle.github.io/html/mixed-operations-math-worksheet-2479.html,https://mathworksheetkidscircle.github.io/images/mixed-operations-math-worksheet-2479.jpg,Kids Math Worksheets,03/30/2026 11:00:00 AM
Printable Free 10 Multiplication Math Worksheet For Grade 2 - Part 68 | Printable Practice,Fun and engaging Multiplication worksheet for Grade 2. Perfect printable math practice.,https://mathworksheetkidscircle.github.io/html/printable-free-10-multiplication-math-worksheet-for-grade-2-part-68-3458.html,https://mathworksheetkidscircle.github.io/images/printable-free-10-multiplication-math-worksheet-for-grade-2-part-68-3458.jpg,Elementary Math Activities,03/30/2026 01:33:00 PM
Printable Free 29 Subtraction Math Worksheet For Grade 2 - Part 69 | Printable Practice,Free printable Subtraction worksheet for Grade 2. Perfect for homeschool practice and classroom activities.,https://mathworksheetkidscircle.github.io/html/printable-free-29-subtraction-math-worksheet-for-grade-2-part-69-6912.html,https://mathworksheetkidscircle.github.io/images/printable-free-29-subtraction-math-worksheet-for-grade-2-part-69-6912.jpg,Kids Math Worksheets,03/30/2026 04:28:00 PM
9 Times Table Worksheet For Grade 3 With Answers - Part 70 | Printable Practice,Printable Times Table worksheet designed for Grade 3 students. Easy and fun math practice.,https://mathworksheetkidscircle.github.io/html/9-times-table-worksheet-for-grade-3-with-answers-part-70-6247.html,https://mathworksheetkidscircle.github.io/images/9-times-table-worksheet-for-grade-3-with-answers-part-70-6247.jpg,Elementary Math Activities,03/30/2026 08:34:00 PM
Printable Tracing Worksheet For Kids - Part 71 | Free Printable,Help kids master Tracing with this printable worksheet for Kindergarten. Great for daily math practice.,https://mathworksheetkidscircle.github.io/html/printable-tracing-worksheet-for-kids-part-71-7757.html,https://mathworksheetkidscircle.github.io/images/printable-tracing-worksheet-for-kids-part-71-7757.jpg,Elementary Math Activities,03/31/2026 08:32:00 AM
Math Word Problem Worksheet,Help kids master Word Problem with this printable worksheet for Grade 3. Great for daily math practice.,https://mathworksheetkidscircle.github.io/html/math-word-problem-worksheet-2940.html,https://mathworksheetkidscircle.github.io/images/math-word-problem-worksheet-2940.jpg,Math Practice Printables,03/31/2026 11:01:00 AM
Free 24 Addition Math Worksheet For Grade 3 - Part 73 | Printable Practice,Help kids master Addition with this printable worksheet for Grade 3. Great for daily math practice.,https://mathworksheetkidscircle.github.io/html/free-24-addition-math-worksheet-for-grade-3-part-73-6321.html,https://mathworksheetkidscircle.github.io/images/free-24-addition-math-worksheet-for-grade-3-part-73-6321.jpg,Homeschool Math,03/31/2026 01:23:00 PM
Kindergarten Count and Color Shapes Worksheet,Teachers and parents love this Count and Color worksheet for Kindergarten. Download and print instantly.,https://mathworksheetkidscircle.github.io/html/kindergarten-count-and-color-shapes-worksheet-7261.html,https://mathworksheetkidscircle.github.io/images/kindergarten-count-and-color-shapes-worksheet-7261.jpg,Kids Math Worksheets,03/31/2026 04:31:00 PM
Free Counting Objects Worksheet For Kindergarten Printable - Part 75 | Printable Practice,Printable Counting Objects worksheet designed for Kindergarten students. Easy and fun math practice.,https://mathworksheetkidscircle.github.io/html/free-counting-objects-worksheet-for-kindergarten-printable-part-75-5516.html,https://mathworksheetkidscircle.github.io/images/free-counting-objects-worksheet-for-kindergarten-printable-part-75-5516.jpg,Elementary Math Activities,03/31/2026 08:22:00 PM
Free 22 Division Math Worksheet For Grade 1 - Part 76 | Printable Practice,Fun and engaging Division worksheet for Grade 1. Perfect printable math practice.,https://mathworksheetkidscircle.github.io/html/free-22-division-math-worksheet-for-grade-1-part-76-9188.html,https://mathworksheetkidscircle.github.io/images/free-22-division-math-worksheet-for-grade-1-part-76-9188.jpg,Printable Worksheets,04/01/2026 08:26:00 AM
8 Math Quiz Practice Worksheet,Free printable Math worksheet for Math. Perfect for homeschool practice and classroom activities.,https://mathworksheetkidscircle.github.io/html/8-math-quiz-practice-worksheet-9191.html,https://mathworksheetkidscircle.github.io/images/8-math-quiz-practice-worksheet-9191.jpg,Kids Math Worksheets,04/01/2026 11:03:00 AM
Missing Number Math Worksheet,Free printable Missing Number worksheet for Grade 1. Perfect for homeschool practice and classroom activities.,https://mathworksheetkidscircle.github.io/html/missing-number-math-worksheet-5349.html,https://mathworksheetkidscircle.github.io/images/missing-number-math-worksheet-5349.jpg,Printable Worksheets,04/01/2026 01:34:00 PM
Mixed Operations Math Worksheet,Free printable Mixed Operations worksheet for Grade 3. Perfect for homeschool practice and classroom activities.,https://mathworksheetkidscircle.github.io/html/mixed-operations-math-worksheet-1525.html,https://mathworksheetkidscircle.github.io/images/mixed-operations-math-worksheet-1525.jpg,Elementary Math Activities,04/01/2026 04:24:00 PM
Printable Free 28 Multiplication Math Worksheet For Grade 2 - Part 80 | Printable Practice,Printable Multiplication worksheet designed for Grade 2 students. Easy and fun math practice.,https://mathworksheetkidscircle.github.io/html/printable-free-28-multiplication-math-worksheet-for-grade-2-part-80-3149.html,https://mathworksheetkidscircle.github.io/images/printable-free-28-multiplication-math-worksheet-for-grade-2-part-80-3149.jpg,Homeschool Math,04/01/2026 08:23:00 PM
Printable Free 30 Subtraction Math Worksheet For Grade 3 - Part 81 | Printable Practice,Teachers and parents love this Subtraction worksheet for Grade 3. Download and print instantly.,https://mathworksheetkidscircle.github.io/html/printable-free-30-subtraction-math-worksheet-for-grade-3-part-81-3558.html,https://mathworksheetkidscircle.github.io/images/printable-free-30-subtraction-math-worksheet-for-grade-3-part-81-3558.jpg,Math Practice Printables,04/02/2026 08:36:00 AM
Printable 8 Times Table Worksheet For Grade 3 - Part 82 | Printable Practice,Free printable Times Table worksheet for Grade 3. Perfect for homeschool practice and classroom activities.,https://mathworksheetkidscircle.github.io/html/printable-8-times-table-worksheet-for-grade-3-part-82-5194.html,https://mathworksheetkidscircle.github.io/images/printable-8-times-table-worksheet-for-grade-3-part-82-5194.jpg,Kids Math Worksheets,04/02/2026 11:03:00 AM
Printable Tracing Worksheet For Kids - Part 83 | Free Printable,Printable Tracing worksheet designed for Kindergarten students. Easy and fun math practice.,https://mathworksheetkidscircle.github.io/html/printable-tracing-worksheet-for-kids-part-83-6499.html,https://mathworksheetkidscircle.github.io/images/printable-tracing-worksheet-for-kids-part-83-6499.jpg,Elementary Math Activities,04/02/2026 01:23:00 PM
Math Word Problem Worksheet,Printable Word Problem worksheet designed for Grade 3 students. Easy and fun math practice.,https://mathworksheetkidscircle.github.io/html/math-word-problem-worksheet-8836.html,https://mathworksheetkidscircle.github.io/images/math-word-problem-worksheet-8836.jpg,Elementary Math Activities,04/02/2026 04:30:00 PM
Grade 1 Addition Practice Worksheet (16 Problems) - Part 85 | Printable Practice,Help kids master Addition with this printable worksheet for Grade 1. Great for daily math practice.,https://mathworksheetkidscircle.github.io/html/grade-1-addition-practice-worksheet-16-problems-part-85-7795.html,https://mathworksheetkidscircle.github.io/images/grade-1-addition-practice-worksheet-16-problems-part-85-7795.jpg,Elementary Math Activities,04/02/2026 08:26:00 PM
Fun Count and Color Objects Worksheet for Kindergarten,Fun and engaging Count and Color worksheet for Kindergarten. Perfect printable math practice.,https://mathworksheetkidscircle.github.io/html/fun-count-and-color-objects-worksheet-for-kindergarten-5619.html,https://mathworksheetkidscircle.github.io/images/fun-count-and-color-objects-worksheet-for-kindergarten-5619.jpg,Kids Math Worksheets,04/03/2026 08:33:00 AM
Free Counting Objects Worksheet For Kindergarten Printable - Part 87 | Printable Practice,Fun and engaging Counting Objects worksheet for Kindergarten. Perfect printable math practice.,https://mathworksheetkidscircle.github.io/html/free-counting-objects-worksheet-for-kindergarten-printable-part-87-6629.html,https://mathworksheetkidscircle.github.io/images/free-counting-objects-worksheet-for-kindergarten-printable-part-87-6629.jpg,Kids Math Worksheets,04/03/2026 11:00:00 AM
Free 27 Division Math Worksheet For Grade 1 With Answers - Part 88 | Printable Practice,Printable Division worksheet designed for Grade 1 students. Easy and fun math practice.,https://mathworksheetkidscircle.github.io/html/free-27-division-math-worksheet-for-grade-1-with-answers-part-88-1373.html,https://mathworksheetkidscircle.github.io/images/free-27-division-math-worksheet-for-grade-1-with-answers-part-88-1373.jpg,Homeschool Math,04/03/2026 01:23:00 PM
Ultimate Math Knowledge Test Worksheet for Students,Free printable Math worksheet for Math. Perfect for homeschool practice and classroom activities.,https://mathworksheetkidscircle.github.io/html/ultimate-math-knowledge-test-worksheet-for-students-2247.html,https://mathworksheetkidscircle.github.io/images/ultimate-math-knowledge-test-worksheet-for-students-2247.jpg,Math Practice Printables,04/03/2026 04:38:00 PM
Missing Number Math Worksheet,Help kids master Missing Number with this printable worksheet for Grade 1. Great for daily math practice.,https://mathworksheetkidscircle.github.io/html/missing-number-math-worksheet-8187.html,https://mathworksheetkidscircle.github.io/images/missing-number-math-worksheet-8187.jpg,Printable Worksheets,04/03/2026 08:23:00 PM
Mixed Operations Math Worksheet,Fun and engaging Mixed Operations worksheet for Grade 3. Perfect printable math practice.,https://mathworksheetkidscircle.github.io/html/mixed-operations-math-worksheet-9027.html,https://mathworksheetkidscircle.github.io/images/mixed-operations-math-worksheet-9027.jpg,Kids Math Worksheets,04/04/2026 08:24:00 AM
Free 15 Multiplication Math Worksheet For Grade 2 - Part 92 | Printable Practice,Fun and engaging Multiplication worksheet for Grade 2. Perfect printable math practice.,https://mathworksheetkidscircle.github.io/html/free-15-multiplication-math-worksheet-for-grade-2-part-92-3045.html,https://mathworksheetkidscircle.github.io/images/free-15-multiplication-math-worksheet-for-grade-2-part-92-3045.jpg,Math Practice Printables,04/04/2026 11:00:00 AM
Free 24 Subtraction Math Worksheet For Grade 5 - Part 93 | Printable Practice,Printable Subtraction worksheet designed for Grade 5 students. Easy and fun math practice.,https://mathworksheetkidscircle.github.io/html/free-24-subtraction-math-worksheet-for-grade-5-part-93-3322.html,https://mathworksheetkidscircle.github.io/images/free-24-subtraction-math-worksheet-for-grade-5-part-93-3322.jpg,Kids Math Worksheets,04/04/2026 01:30:00 PM
3 Times Table Worksheet For Grade 2 With Answers - Part 94 | Printable Practice,Free printable Times Table worksheet for Grade 2. Perfect for homeschool practice and classroom activities.,https://mathworksheetkidscircle.github.io/html/3-times-table-worksheet-for-grade-2-with-answers-part-94-2989.html,https://mathworksheetkidscircle.github.io/images/3-times-table-worksheet-for-grade-2-with-answers-part-94-2989.jpg,Elementary Math Activities,04/04/2026 04:37:00 PM
Printable Tracing Worksheet For Kids - Part 95 | Free Printable,Teachers and parents love this Tracing worksheet for Preschool. Download and print instantly.,https://mathworksheetkidscircle.github.io/html/printable-tracing-worksheet-for-kids-part-95-4831.html,https://mathworksheetkidscircle.github.io/images/printable-tracing-worksheet-for-kids-part-95-4831.jpg,Kids Math Worksheets,04/04/2026 08:29:00 PM
Math Word Problem Worksheet,Free printable Word Problem worksheet for Grade 3. Perfect for homeschool practice and classroom activities.,https://mathworksheetkidscircle.github.io/html/math-word-problem-worksheet-8957.html,https://mathworksheetkidscircle.github.io/images/math-word-problem-worksheet-8957.jpg,Math Practice Printables,04/05/2026 08:26:00 AM
Grade 1 Addition Practice Worksheet (14 Problems) - Part 97 | Printable Practice,Help kids master Addition with this printable worksheet for Grade 1. Great for daily math practice.,https://mathworksheetkidscircle.github.io/html/grade-1-addition-practice-worksheet-14-problems-part-97-5425.html,https://mathworksheetkidscircle.github.io/images/grade-1-addition-practice-worksheet-14-problems-part-97-5425.jpg,Printable Worksheets,04/05/2026 11:00:00 AM
Printable Count and Color Worksheet for Kindergarten Kids,Fun and engaging Count and Color worksheet for Kindergarten. Perfect printable math practice.,https://mathworksheetkidscircle.github.io/html/printable-count-and-color-worksheet-for-kindergarten-kids-6361.html,https://mathworksheetkidscircle.github.io/images/printable-count-and-color-worksheet-for-kindergarten-kids-6361.jpg,Kids Math Worksheets,04/05/2026 01:26:00 PM
Free Counting Objects Worksheet For Pre-K Printable - Part 99 | Printable Practice,Fun and engaging Counting Objects worksheet for Pre-K. Perfect printable math practice.,https://mathworksheetkidscircle.github.io/html/free-counting-objects-worksheet-for-pre-k-printable-part-99-9813.html,https://mathworksheetkidscircle.github.io/images/free-counting-objects-worksheet-for-pre-k-printable-part-99-9813.jpg,Printable Worksheets,04/05/2026 04:33:00 PM
Grade 1 Division Practice Worksheet (24 Problems) - Part 100 | Printable Practice,Free printable Division worksheet for Grade 1. Perfect for homeschool practice and classroom activities.,https://mathworksheetkidscircle.github.io/html/grade-1-division-practice-worksheet-24-problems-part-100-3541.html,https://mathworksheetkidscircle.github.io/images/grade-1-division-practice-worksheet-24-problems-part-100-3541.jpg,Kids Math Worksheets,04/05/2026 08:33:00 PM
4 Mathematics Practice Training Worksheet,Printable Math worksheet designed for Math students. Easy and fun math practice.,https://mathworksheetkidscircle.github.io/html/4-mathematics-practice-training-worksheet-9312.html,https://mathworksheetkidscircle.github.io/images/4-mathematics-practice-training-worksheet-9312.jpg,Kids Math Worksheets,04/06/2026 08:26:00 AM
Missing Number Math Worksheet,Help kids master Missing Number with this printable worksheet for Grade 1. Great for daily math practice.,https://mathworksheetkidscircle.github.io/html/missing-number-math-worksheet-3974.html,https://mathworksheetkidscircle.github.io/images/missing-number-math-worksheet-3974.jpg,Math Practice Printables,04/06/2026 11:00:00 AM
Mixed Operations Math Worksheet,Printable Mixed Operations worksheet designed for Grade 3 students. Easy and fun math practice.,https://mathworksheetkidscircle.github.io/html/mixed-operations-math-worksheet-1445.html,https://mathworksheetkidscircle.github.io/images/mixed-operations-math-worksheet-1445.jpg,Homeschool Math,04/06/2026 01:23:00 PM
Free 28 Multiplication Math Worksheet For Grade 2 With Answers - Part 104 | Printable Practice,Help kids master Multiplication with this printable worksheet for Grade 2. Great for daily math practice.,https://mathworksheetkidscircle.github.io/html/free-28-multiplication-math-worksheet-for-grade-2-with-answers-part-104-3829.html,https://mathworksheetkidscircle.github.io/images/free-28-multiplication-math-worksheet-for-grade-2-with-answers-part-104-3829.jpg,Printable Worksheets,04/06/2026 04:29:00 PM
Grade 2 Subtraction Practice Worksheet (26 Problems) - Part 105 | Printable Practice,Free printable Subtraction worksheet for Grade 2. Perfect for homeschool practice and classroom activities.,https://mathworksheetkidscircle.github.io/html/grade-2-subtraction-practice-worksheet-26-problems-part-105-9375.html,https://mathworksheetkidscircle.github.io/images/grade-2-subtraction-practice-worksheet-26-problems-part-105-9375.jpg,Printable Worksheets,04/06/2026 08:26:00 PM
Grade 3 Multiplication Table 10 Practice - Part 106 | Printable Practice,Teachers and parents love this Times Table worksheet for Grade 3. Download and print instantly.,https://mathworksheetkidscircle.github.io/html/grade-3-multiplication-table-10-practice-part-106-5465.html,https://mathworksheetkidscircle.github.io/images/grade-3-multiplication-table-10-practice-part-106-5465.jpg,Printable Worksheets,04/07/2026 08:26:00 AM
Printable Tracing Worksheet For Kids - Part 107 | Free Printable,Printable Tracing worksheet designed for Preschool students. Easy and fun math practice.,https://mathworksheetkidscircle.github.io/html/printable-tracing-worksheet-for-kids-part-107-7460.html,https://mathworksheetkidscircle.github.io/images/printable-tracing-worksheet-for-kids-part-107-7460.jpg,Homeschool Math,04/07/2026 11:04:00 AM
Math Word Problem Worksheet,Printable Word Problem worksheet designed for Grade 3 students. Easy and fun math practice.,https://mathworksheetkidscircle.github.io/html/math-word-problem-worksheet-4422.html,https://mathworksheetkidscircle.github.io/images/math-word-problem-worksheet-4422.jpg,Kids Math Worksheets,04/07/2026 01:22:00 PM
Free 25 Addition Math Worksheet For Grade 1 - Part 109 | Printable Practice,Printable Addition worksheet designed for Grade 1 students. Easy and fun math practice.,https://mathworksheetkidscircle.github.io/html/free-25-addition-math-worksheet-for-grade-1-part-109-8970.html,https://mathworksheetkidscircle.github.io/images/free-25-addition-math-worksheet-for-grade-1-part-109-8970.jpg,Kids Math Worksheets,04/07/2026 04:22:00 PM
Preschool Count and Color Shapes Worksheet,Help kids master Count and Color with this printable worksheet for Preschool. Great for daily math practice.,https://mathworksheetkidscircle.github.io/html/preschool-count-and-color-shapes-worksheet-9639.html,https://mathworksheetkidscircle.github.io/images/preschool-count-and-color-shapes-worksheet-9639.jpg,Elementary Math Activities,04/07/2026 08:37:00 PM
Learn Counting With Pictures Worksheet (Kindergarten) - Part 111 | Printable Practice,Printable Counting Objects worksheet designed for Kindergarten students. Easy and fun math practice.,https://mathworksheetkidscircle.github.io/html/learn-counting-with-pictures-worksheet-kindergarten-part-111-6692.html,https://mathworksheetkidscircle.github.io/images/learn-counting-with-pictures-worksheet-kindergarten-part-111-6692.jpg,Homeschool Math,04/08/2026 08:23:00 AM
Free 11 Division Math Worksheet For Grade 2 With Answers - Part 112 | Printable Practice,Free printable Division worksheet for Grade 2. Perfect for homeschool practice and classroom activities.,https://mathworksheetkidscircle.github.io/html/free-11-division-math-worksheet-for-grade-2-with-answers-part-112-6036.html,https://mathworksheetkidscircle.github.io/images/free-11-division-math-worksheet-for-grade-2-with-answers-part-112-6036.jpg,Printable Worksheets,04/08/2026 11:00:00 AM
Advanced Math Skill Test Printable Worksheet,Free printable Math worksheet for Math. Perfect for homeschool practice and classroom activities.,https://mathworksheetkidscircle.github.io/html/advanced-math-skill-test-printable-worksheet-9358.html,https://mathworksheetkidscircle.github.io/images/advanced-math-skill-test-printable-worksheet-9358.jpg,Elementary Math Activities,04/08/2026 01:24:00 PM
Missing Number Math Worksheet,Fun and engaging Missing Number worksheet for Grade 1. Perfect printable math practice.,https://mathworksheetkidscircle.github.io/html/missing-number-math-worksheet-6131.html,https://mathworksheetkidscircle.github.io/images/missing-number-math-worksheet-6131.jpg,Kids Math Worksheets,04/08/2026 04:25:00 PM
Mixed Operations Math Worksheet,Teachers and parents love this Mixed Operations worksheet for Grade 3. Download and print instantly.,https://mathworksheetkidscircle.github.io/html/mixed-operations-math-worksheet-4917.html,https://mathworksheetkidscircle.github.io/images/mixed-operations-math-worksheet-4917.jpg,Kids Math Worksheets,04/08/2026 08:33:00 PM
Grade 2 Multiplication Practice Worksheet (28 Problems) - Part 116 | Printable Practice,Fun and engaging Multiplication worksheet for Grade 2. Perfect printable math practice.,https://mathworksheetkidscircle.github.io/html/grade-2-multiplication-practice-worksheet-28-problems-part-116-1010.html,https://mathworksheetkidscircle.github.io/images/grade-2-multiplication-practice-worksheet-28-problems-part-116-1010.jpg,Homeschool Math,04/09/2026 08:25:00 AM
Grade 5 Subtraction Practice Worksheet (18 Problems) - Part 117 | Printable Practice,Fun and engaging Subtraction worksheet for Grade 5. Perfect printable math practice.,https://mathworksheetkidscircle.github.io/html/grade-5-subtraction-practice-worksheet-18-problems-part-117-3522.html,https://mathworksheetkidscircle.github.io/images/grade-5-subtraction-practice-worksheet-18-problems-part-117-3522.jpg,Kids Math Worksheets,04/09/2026 11:00:00 AM
Printable 4 Times Table Worksheet For Grade 2 - Part 118 | Printable Practice,Help kids master Times Table with this printable worksheet for Grade 2. Great for daily math practice.,https://mathworksheetkidscircle.github.io/html/printable-4-times-table-worksheet-for-grade-2-part-118-6955.html,https://mathworksheetkidscircle.github.io/images/printable-4-times-table-worksheet-for-grade-2-part-118-6955.jpg,Math Practice Printables,04/09/2026 01:32:00 PM
Printable Tracing Worksheet For Kids - Part 119 | Free Printable,Free printable Tracing worksheet for Kindergarten. Perfect for homeschool practice and classroom activities.,https://mathworksheetkidscircle.github.io/html/printable-tracing-worksheet-for-kids-part-119-9761.html,https://mathworksheetkidscircle.github.io/images/printable-tracing-worksheet-for-kids-part-119-9761.jpg,Elementary Math Activities,04/09/2026 04:34:00 PM
Math Word Problem Worksheet,Help kids master Word Problem with this printable worksheet for Grade 3. Great for daily math practice.,https://mathworksheetkidscircle.github.io/html/math-word-problem-worksheet-4631.html,https://mathworksheetkidscircle.github.io/images/math-word-problem-worksheet-4631.jpg,Elementary Math Activities,04/09/2026 08:25:00 PM
Grade 5 Addition Practice Worksheet (18 Problems) - Part 121 | Printable Practice,Teachers and parents love this Addition worksheet for Grade 5. Download and print instantly.,https://mathworksheetkidscircle.github.io/html/grade-5-addition-practice-worksheet-18-problems-part-121-3690.html,https://mathworksheetkidscircle.github.io/images/grade-5-addition-practice-worksheet-18-problems-part-121-3690.jpg,Kids Math Worksheets,04/10/2026 08:38:00 AM
Free Preschool Count and Color Worksheet,Help kids master Count and Color with this printable worksheet for Preschool. Great for daily math practice.,https://mathworksheetkidscircle.github.io/html/free-preschool-count-and-color-worksheet-7816.html,https://mathworksheetkidscircle.github.io/images/free-preschool-count-and-color-worksheet-7816.jpg,Kids Math Worksheets,04/10/2026 11:00:00 AM
Free Counting Objects Worksheet For Pre-K - Part 123 | Printable Practice,Help kids master Counting Objects with this printable worksheet for Pre-K. Great for daily math practice.,https://mathworksheetkidscircle.github.io/html/free-counting-objects-worksheet-for-pre-k-part-123-1262.html,https://mathworksheetkidscircle.github.io/images/free-counting-objects-worksheet-for-pre-k-part-123-1262.jpg,Homeschool Math,04/10/2026 01:29:00 PM
Printable Free 22 Division Math Worksheet For Grade 1 - Part 124 | Printable Practice,Help kids master Division with this printable worksheet for Grade 1. Great for daily math practice.,https://mathworksheetkidscircle.github.io/html/printable-free-22-division-math-worksheet-for-grade-1-part-124-8671.html,https://mathworksheetkidscircle.github.io/images/printable-free-22-division-math-worksheet-for-grade-1-part-124-8671.jpg,Printable Worksheets,04/10/2026 04:26:00 PM
4 Mathematics Practice Test Worksheet,Help kids master Math with this printable worksheet for Math. Great for daily math practice.,https://mathworksheetkidscircle.github.io/html/4-mathematics-practice-test-worksheet-9247.html,https://mathworksheetkidscircle.github.io/images/4-mathematics-practice-test-worksheet-9247.jpg,Kids Math Worksheets,04/10/2026 08:35:00 PM
Missing Number Math Worksheet,Printable Missing Number worksheet designed for Grade 1 students. Easy and fun math practice.,https://mathworksheetkidscircle.github.io/html/missing-number-math-worksheet-3790.html,https://mathworksheetkidscircle.github.io/images/missing-number-math-worksheet-3790.jpg,Math Practice Printables,04/11/2026 08:26:00 AM
Mixed Operations Math Worksheet,Printable Mixed Operations worksheet designed for Grade 3 students. Easy and fun math practice.,https://mathworksheetkidscircle.github.io/html/mixed-operations-math-worksheet-7216.html,https://mathworksheetkidscircle.github.io/images/mixed-operations-math-worksheet-7216.jpg,Math Practice Printables,04/11/2026 11:00:00 AM
Free 27 Multiplication Math Worksheet For Grade 2 - Part 128 | Printable Practice,Help kids master Multiplication with this printable worksheet for Grade 2. Great for daily math practice.,https://mathworksheetkidscircle.github.io/html/free-27-multiplication-math-worksheet-for-grade-2-part-128-5361.html,https://mathworksheetkidscircle.github.io/images/free-27-multiplication-math-worksheet-for-grade-2-part-128-5361.jpg,Printable Worksheets,04/11/2026 01:30:00 PM
Free 21 Subtraction Math Worksheet For Grade 2 With Answers - Part 129 | Printable Practice,Printable Subtraction worksheet designed for Grade 2 students. Easy and fun math practice.,https://mathworksheetkidscircle.github.io/html/free-21-subtraction-math-worksheet-for-grade-2-with-answers-part-129-1284.html,https://mathworksheetkidscircle.github.io/images/free-21-subtraction-math-worksheet-for-grade-2-with-answers-part-129-1284.jpg,Homeschool Math,04/11/2026 04:27:00 PM
8 Times Table Worksheet For Grade 3 - Part 130 | Printable Practice,Fun and engaging Times Table worksheet for Grade 3. Perfect printable math practice.,https://mathworksheetkidscircle.github.io/html/8-times-table-worksheet-for-grade-3-part-130-7568.html,https://mathworksheetkidscircle.github.io/images/8-times-table-worksheet-for-grade-3-part-130-7568.jpg,Printable Worksheets,04/11/2026 08:38:00 PM
Printable Tracing Worksheet For Kids - Part 131 | Free Printable,Free printable Tracing worksheet for Preschool. Perfect for homeschool practice and classroom activities.,https://mathworksheetkidscircle.github.io/html/printable-tracing-worksheet-for-kids-part-131-9126.html,https://mathworksheetkidscircle.github.io/images/printable-tracing-worksheet-for-kids-part-131-9126.jpg,Homeschool Math,04/12/2026 08:28:00 AM
Math Word Problem Worksheet,Free printable Word Problem worksheet for Grade 3. Perfect for homeschool practice and classroom activities.,https://mathworksheetkidscircle.github.io/html/math-word-problem-worksheet-7002.html,https://mathworksheetkidscircle.github.io/images/math-word-problem-worksheet-7002.jpg,Math Practice Printables,04/12/2026 11:02:00 AM
Free 18 Addition Math Worksheet For Grade 1 - Part 133 | Printable Practice,Teachers and parents love this Addition worksheet for Grade 1. Download and print instantly.,https://mathworksheetkidscircle.github.io/html/free-18-addition-math-worksheet-for-grade-1-part-133-4544.html,https://mathworksheetkidscircle.github.io/images/free-18-addition-math-worksheet-for-grade-1-part-133-4544.jpg,Math Practice Printables,04/12/2026 01:29:00 PM
Free Preschool Count and Color Worksheet,Printable Count and Color worksheet designed for Preschool students. Easy and fun math practice.,https://mathworksheetkidscircle.github.io/html/free-preschool-count-and-color-worksheet-9616.html,https://mathworksheetkidscircle.github.io/images/free-preschool-count-and-color-worksheet-9616.jpg,Math Practice Printables,04/12/2026 04:37:00 PM
Learn Counting With Pictures Worksheet (Pre-K) - Part 135 | Printable Practice,Help kids master Counting Objects with this printable worksheet for Pre-K. Great for daily math practice.,https://mathworksheetkidscircle.github.io/html/learn-counting-with-pictures-worksheet-pre-k-part-135-3370.html,https://mathworksheetkidscircle.github.io/images/learn-counting-with-pictures-worksheet-pre-k-part-135-3370.jpg,Kids Math Worksheets,04/12/2026 08:33:00 PM
Free 20 Division Math Worksheet For Grade 2 With Answers - Part 136 | Printable Practice,Teachers and parents love this Division worksheet for Grade 2. Download and print instantly.,https://mathworksheetkidscircle.github.io/html/free-20-division-math-worksheet-for-grade-2-with-answers-part-136-3690.html,https://mathworksheetkidscircle.github.io/images/free-20-division-math-worksheet-for-grade-2-with-answers-part-136-3690.jpg,Kids Math Worksheets,04/13/2026 08:37:00 AM
Complete Math Knowledge Test Practice Worksheet,Free printable Math worksheet for Math. Perfect for homeschool practice and classroom activities.,https://mathworksheetkidscircle.github.io/html/complete-math-knowledge-test-practice-worksheet-9506.html,https://mathworksheetkidscircle.github.io/images/complete-math-knowledge-test-practice-worksheet-9506.jpg,Homeschool Math,04/13/2026 11:03:00 AM
Missing Number Math Worksheet,Teachers and parents love this Missing Number worksheet for Grade 1. Download and print instantly.,https://mathworksheetkidscircle.github.io/html/missing-number-math-worksheet-1420.html,https://mathworksheetkidscircle.github.io/images/missing-number-math-worksheet-1420.jpg,Elementary Math Activities,04/13/2026 01:37:00 PM
Mixed Operations Math Worksheet,Teachers and parents love this Mixed Operations worksheet for Grade 3. Download and print instantly.,https://mathworksheetkidscircle.github.io/html/mixed-operations-math-worksheet-7731.html,https://mathworksheetkidscircle.github.io/images/mixed-operations-math-worksheet-7731.jpg,Printable Worksheets,04/13/2026 04:22:00 PM
Free 21 Multiplication Math Worksheet For Grade 1 - Part 140 | Printable Practice,Fun and engaging Multiplication worksheet for Grade 1. Perfect printable math practice.,https://mathworksheetkidscircle.github.io/html/free-21-multiplication-math-worksheet-for-grade-1-part-140-7401.html,https://mathworksheetkidscircle.github.io/images/free-21-multiplication-math-worksheet-for-grade-1-part-140-7401.jpg,Printable Worksheets,04/13/2026 08:32:00 PM
Free 25 Subtraction Math Worksheet For Grade 2 - Part 141 | Printable Practice,Free printable Subtraction worksheet for Grade 2. Perfect for homeschool practice and classroom activities.,https://mathworksheetkidscircle.github.io/html/free-25-subtraction-math-worksheet-for-grade-2-part-141-4787.html,https://mathworksheetkidscircle.github.io/images/free-25-subtraction-math-worksheet-for-grade-2-part-141-4787.jpg,Printable Worksheets,04/14/2026 08:24:00 AM
Printable 6 Times Table Worksheet For Grade 3 - Part 142 | Printable Practice,Free printable Times Table worksheet for Grade 3. Perfect for homeschool practice and classroom activities.,https://mathworksheetkidscircle.github.io/html/printable-6-times-table-worksheet-for-grade-3-part-142-2939.html,https://mathworksheetkidscircle.github.io/images/printable-6-times-table-worksheet-for-grade-3-part-142-2939.jpg,Printable Worksheets,04/14/2026 11:05:00 AM
Printable Tracing Worksheet For Kids - Part 143 | Free Printable,Printable Tracing worksheet designed for Preschool students. Easy and fun math practice.,https://mathworksheetkidscircle.github.io/html/printable-tracing-worksheet-for-kids-part-143-1450.html,https://mathworksheetkidscircle.github.io/images/printable-tracing-worksheet-for-kids-part-143-1450.jpg,Elementary Math Activities,04/14/2026 01:30:00 PM
Math Word Problem Worksheet,Free printable Word Problem worksheet for Grade 3. Perfect for homeschool practice and classroom activities.,https://mathworksheetkidscircle.github.io/html/math-word-problem-worksheet-7010.html,https://mathworksheetkidscircle.github.io/images/math-word-problem-worksheet-7010.jpg,Elementary Math Activities,04/14/2026 04:28:00 PM
Free 17 Addition Math Worksheet For Grade 5 - Part 145 | Printable Practice,Teachers and parents love this Addition worksheet for Grade 5. Download and print instantly.,https://mathworksheetkidscircle.github.io/html/free-17-addition-math-worksheet-for-grade-5-part-145-6311.html,https://mathworksheetkidscircle.github.io/images/free-17-addition-math-worksheet-for-grade-5-part-145-6311.jpg,Elementary Math Activities,04/14/2026 08:32:00 PM
Printable Count and Color Worksheet for Preschool Kids,Fun and engaging Count and Color worksheet for Preschool. Perfect printable math practice.,https://mathworksheetkidscircle.github.io/html/printable-count-and-color-worksheet-for-preschool-kids-9297.html,https://mathworksheetkidscircle.github.io/images/printable-count-and-color-worksheet-for-preschool-kids-9297.jpg,Homeschool Math,04/15/2026 08:37:00 AM
Learn Counting With Pictures Worksheet (Pre-K) - Part 147 | Printable Practice,Printable Counting Objects worksheet designed for Pre-K students. Easy and fun math practice.,https://mathworksheetkidscircle.github.io/html/learn-counting-with-pictures-worksheet-pre-k-part-147-2937.html,https://mathworksheetkidscircle.github.io/images/learn-counting-with-pictures-worksheet-pre-k-part-147-2937.jpg,Math Practice Printables,04/15/2026 11:00:00 AM
Printable Free 15 Division Math Worksheet For Grade 1 - Part 148 | Printable Practice,Help kids master Division with this printable worksheet for Grade 1. Great for daily math practice.,https://mathworksheetkidscircle.github.io/html/printable-free-15-division-math-worksheet-for-grade-1-part-148-2577.html,https://mathworksheetkidscircle.github.io/images/printable-free-15-division-math-worksheet-for-grade-1-part-148-2577.jpg,Kids Math Worksheets,04/15/2026 01:32:00 PM
Interactive Mathematics Practice Practice Worksheet,Help kids master Math with this printable worksheet for Math. Great for daily math practice.,https://mathworksheetkidscircle.github.io/html/interactive-mathematics-practice-practice-worksheet-4863.html,https://mathworksheetkidscircle.github.io/images/interactive-mathematics-practice-practice-worksheet-4863.jpg,Homeschool Math,04/15/2026 04:32:00 PM
Missing Number Math Worksheet,Free printable Missing Number worksheet for Grade 1. Perfect for homeschool practice and classroom activities.,https://mathworksheetkidscircle.github.io/html/missing-number-math-worksheet-9258.html,https://mathworksheetkidscircle.github.io/images/missing-number-math-worksheet-9258.jpg,Elementary Math Activities,04/15/2026 08:22:00 PM
Mixed Operations Math Worksheet,Free printable Mixed Operations worksheet for Grade 3. Perfect for homeschool practice and classroom activities.,https://mathworksheetkidscircle.github.io/html/mixed-operations-math-worksheet-6226.html,https://mathworksheetkidscircle.github.io/images/mixed-operations-math-worksheet-6226.jpg,Homeschool Math,04/16/2026 08:28:00 AM
Grade 2 Multiplication Practice Worksheet (19 Problems) - Part 152 | Printable Practice,Help kids master Multiplication with this printable worksheet for Grade 2. Great for daily math practice.,https://mathworksheetkidscircle.github.io/html/grade-2-multiplication-practice-worksheet-19-problems-part-152-9074.html,https://mathworksheetkidscircle.github.io/images/grade-2-multiplication-practice-worksheet-19-problems-part-152-9074.jpg,Elementary Math Activities,04/16/2026 11:00:00 AM
Free 23 Subtraction Math Worksheet For Grade 2 With Answers - Part 153 | Printable Practice,Teachers and parents love this Subtraction worksheet for Grade 2. Download and print instantly.,https://mathworksheetkidscircle.github.io/html/free-23-subtraction-math-worksheet-for-grade-2-with-answers-part-153-3693.html,https://mathworksheetkidscircle.github.io/images/free-23-subtraction-math-worksheet-for-grade-2-with-answers-part-153-3693.jpg,Math Practice Printables,04/16/2026 01:23:00 PM
8 Times Table Worksheet For Grade 3 - Part 154 | Printable Practice,Free printable Times Table worksheet for Grade 3. Perfect for homeschool practice and classroom activities.,https://mathworksheetkidscircle.github.io/html/8-times-table-worksheet-for-grade-3-part-154-4340.html,https://mathworksheetkidscircle.github.io/images/8-times-table-worksheet-for-grade-3-part-154-4340.jpg,Homeschool Math,04/16/2026 04:29:00 PM
Printable Tracing Worksheet For Kids - Part 155 | Free Printable,Teachers and parents love this Tracing worksheet for Kindergarten. Download and print instantly.,https://mathworksheetkidscircle.github.io/html/printable-tracing-worksheet-for-kids-part-155-5423.html,https://mathworksheetkidscircle.github.io/images/printable-tracing-worksheet-for-kids-part-155-5423.jpg,Printable Worksheets,04/16/2026 08:23:00 PM
Math Word Problem Worksheet,Help kids master Word Problem with this printable worksheet for Grade 3. Great for daily math practice.,https://mathworksheetkidscircle.github.io/html/math-word-problem-worksheet-6112.html,https://mathworksheetkidscircle.github.io/images/math-word-problem-worksheet-6112.jpg,Kids Math Worksheets,04/17/2026 08:22:00 AM
Free 15 Addition Math Worksheet For Grade 3 - Part 157 | Printable Practice,Help kids master Addition with this printable worksheet for Grade 3. Great for daily math practice.,https://mathworksheetkidscircle.github.io/html/free-15-addition-math-worksheet-for-grade-3-part-157-8955.html,https://mathworksheetkidscircle.github.io/images/free-15-addition-math-worksheet-for-grade-3-part-157-8955.jpg,Printable Worksheets,04/17/2026 11:00:00 AM
5 Free Count and Color Worksheets for Preschool,Teachers and parents love this Count and Color worksheet for Preschool. Download and print instantly.,https://mathworksheetkidscircle.github.io/html/5-free-count-and-color-worksheets-for-preschool-4840.html,https://mathworksheetkidscircle.github.io/images/5-free-count-and-color-worksheets-for-preschool-4840.jpg,Elementary Math Activities,04/17/2026 01:26:00 PM
Free Counting Objects Worksheet For Pre-K Printable - Part 159 | Printable Practice,Teachers and parents love this Counting Objects worksheet for Pre-K. Download and print instantly.,https://mathworksheetkidscircle.github.io/html/free-counting-objects-worksheet-for-pre-k-printable-part-159-3407.html,https://mathworksheetkidscircle.github.io/images/free-counting-objects-worksheet-for-pre-k-printable-part-159-3407.jpg,Printable Worksheets,04/17/2026 04:24:00 PM
Grade 1 Division Practice Worksheet (10 Problems) - Part 160 | Printable Practice,Free printable Division worksheet for Grade 1. Perfect for homeschool practice and classroom activities.,https://mathworksheetkidscircle.github.io/html/grade-1-division-practice-worksheet-10-problems-part-160-1040.html,https://mathworksheetkidscircle.github.io/images/grade-1-division-practice-worksheet-10-problems-part-160-1040.jpg,Math Practice Printables,04/17/2026 08:37:00 PM
4 Math Challenge Practice Worksheet,Fun and engaging Math worksheet for Math. Perfect printable math practice.,https://mathworksheetkidscircle.github.io/html/4-math-challenge-practice-worksheet-9244.html,https://mathworksheetkidscircle.github.io/images/4-math-challenge-practice-worksheet-9244.jpg,Kids Math Worksheets,04/18/2026 08:24:00 AM
Missing Number Math Worksheet,Teachers and parents love this Missing Number worksheet for Grade 1. Download and print instantly.,https://mathworksheetkidscircle.github.io/html/missing-number-math-worksheet-6289.html,https://mathworksheetkidscircle.github.io/images/missing-number-math-worksheet-6289.jpg,Printable Worksheets,04/18/2026 11:00:00 AM
Mixed Operations Math Worksheet,Printable Mixed Operations worksheet designed for Grade 3 students. Easy and fun math practice.,https://mathworksheetkidscircle.github.io/html/mixed-operations-math-worksheet-5637.html,https://mathworksheetkidscircle.github.io/images/mixed-operations-math-worksheet-5637.jpg,Printable Worksheets,04/18/2026 01:29:00 PM
Grade 2 Multiplication Practice Worksheet (11 Problems) - Part 164 | Printable Practice,Printable Multiplication worksheet designed for Grade 2 students. Easy and fun math practice.,https://mathworksheetkidscircle.github.io/html/grade-2-multiplication-practice-worksheet-11-problems-part-164-3483.html,https://mathworksheetkidscircle.github.io/images/grade-2-multiplication-practice-worksheet-11-problems-part-164-3483.jpg,Kids Math Worksheets,04/18/2026 04:27:00 PM
Free 23 Subtraction Math Worksheet For Grade 3 - Part 165 | Printable Practice,Free printable Subtraction worksheet for Grade 3. Perfect for homeschool practice and classroom activities.,https://mathworksheetkidscircle.github.io/html/free-23-subtraction-math-worksheet-for-grade-3-part-165-5640.html,https://mathworksheetkidscircle.github.io/images/free-23-subtraction-math-worksheet-for-grade-3-part-165-5640.jpg,Homeschool Math,04/18/2026 08:23:00 PM
4 Times Table Worksheet For Grade 2 With Answers - Part 166 | Printable Practice,Help kids master Times Table with this printable worksheet for Grade 2. Great for daily math practice.,https://mathworksheetkidscircle.github.io/html/4-times-table-worksheet-for-grade-2-with-answers-part-166-1898.html,https://mathworksheetkidscircle.github.io/images/4-times-table-worksheet-for-grade-2-with-answers-part-166-1898.jpg,Kids Math Worksheets,04/19/2026 08:22:00 AM
Printable Tracing Worksheet For Kids - Part 167 | Free Printable,Help kids master Tracing with this printable worksheet for Preschool. Great for daily math practice.,https://mathworksheetkidscircle.github.io/html/printable-tracing-worksheet-for-kids-part-167-7512.html,https://mathworksheetkidscircle.github.io/images/printable-tracing-worksheet-for-kids-part-167-7512.jpg,Kids Math Worksheets,04/19/2026 11:02:00 AM
Math Word Problem Worksheet,Free printable Word Problem worksheet for Grade 3. Perfect for homeschool practice and classroom activities.,https://mathworksheetkidscircle.github.io/html/math-word-problem-worksheet-2148.html,https://mathworksheetkidscircle.github.io/images/math-word-problem-worksheet-2148.jpg,Elementary Math Activities,04/19/2026 01:36:00 PM
Grade 5 Addition Practice Worksheet (29 Problems) - Part 169 | Printable Practice,Help kids master Addition with this printable worksheet for Grade 5. Great for daily math practice.,https://mathworksheetkidscircle.github.io/html/grade-5-addition-practice-worksheet-29-problems-part-169-1474.html,https://mathworksheetkidscircle.github.io/images/grade-5-addition-practice-worksheet-29-problems-part-169-1474.jpg,Elementary Math Activities,04/19/2026 04:26:00 PM
5 Free Count and Color Worksheets for Kindergarten,Teachers and parents love this Count and Color worksheet for Kindergarten. Download and print instantly.,https://mathworksheetkidscircle.github.io/html/5-free-count-and-color-worksheets-for-kindergarten-8853.html,https://mathworksheetkidscircle.github.io/images/5-free-count-and-color-worksheets-for-kindergarten-8853.jpg,Elementary Math Activities,04/19/2026 08:24:00 PM
Free Counting Objects Worksheet For Pre-K - Part 171 | Printable Practice,Help kids master Counting Objects with this printable worksheet for Pre-K. Great for daily math practice.,https://mathworksheetkidscircle.github.io/html/free-counting-objects-worksheet-for-pre-k-part-171-2799.html,https://mathworksheetkidscircle.github.io/images/free-counting-objects-worksheet-for-pre-k-part-171-2799.jpg,Elementary Math Activities,04/20/2026 08:28:00 AM
Free 17 Division Math Worksheet For Grade 1 With Answers - Part 172 | Printable Practice,Free printable Division worksheet for Grade 1. Perfect for homeschool practice and classroom activities.,https://mathworksheetkidscircle.github.io/html/free-17-division-math-worksheet-for-grade-1-with-answers-part-172-7362.html,https://mathworksheetkidscircle.github.io/images/free-17-division-math-worksheet-for-grade-1-with-answers-part-172-7362.jpg,Elementary Math Activities,04/20/2026 11:00:00 AM
8 Math Skill Test,Free printable Math worksheet for Math. Perfect for homeschool practice and classroom activities.,https://mathworksheetkidscircle.github.io/html/8-math-skill-test-7522.html,https://mathworksheetkidscircle.github.io/images/8-math-skill-test-7522.jpg,Kids Math Worksheets,04/20/2026 01:30:00 PM
Missing Number Math Worksheet,Teachers and parents love this Missing Number worksheet for Grade 1. Download and print instantly.,https://mathworksheetkidscircle.github.io/html/missing-number-math-worksheet-5395.html,https://mathworksheetkidscircle.github.io/images/missing-number-math-worksheet-5395.jpg,Kids Math Worksheets,04/20/2026 04:22:00 PM
Mixed Operations Math Worksheet,Printable Mixed Operations worksheet designed for Grade 3 students. Easy and fun math practice.,https://mathworksheetkidscircle.github.io/html/mixed-operations-math-worksheet-5933.html,https://mathworksheetkidscircle.github.io/images/mixed-operations-math-worksheet-5933.jpg,Homeschool Math,04/20/2026 08:31:00 PM
Free 20 Multiplication Math Worksheet For Grade 2 - Part 176 | Printable Practice,Printable Multiplication worksheet designed for Grade 2 students. Easy and fun math practice.,https://mathworksheetkidscircle.github.io/html/free-20-multiplication-math-worksheet-for-grade-2-part-176-7584.html,https://mathworksheetkidscircle.github.io/images/free-20-multiplication-math-worksheet-for-grade-2-part-176-7584.jpg,Kids Math Worksheets,04/21/2026 08:23:00 AM
Free 17 Subtraction Math Worksheet For Grade 5 With Answers - Part 177 | Printable Practice,Free printable Subtraction worksheet for Grade 5. Perfect for homeschool practice and classroom activities.,https://mathworksheetkidscircle.github.io/html/free-17-subtraction-math-worksheet-for-grade-5-with-answers-part-177-9538.html,https://mathworksheetkidscircle.github.io/images/free-17-subtraction-math-worksheet-for-grade-5-with-answers-part-177-9538.jpg,Elementary Math Activities,04/21/2026 11:00:00 AM
Printable 6 Times Table Worksheet For Grade 3 - Part 178 | Printable Practice,Teachers and parents love this Times Table worksheet for Grade 3. Download and print instantly.,https://mathworksheetkidscircle.github.io/html/printable-6-times-table-worksheet-for-grade-3-part-178-4119.html,https://mathworksheetkidscircle.github.io/images/printable-6-times-table-worksheet-for-grade-3-part-178-4119.jpg,Printable Worksheets,04/21/2026 01:33:00 PM
Printable Tracing Worksheet For Kids - Part 179 | Free Printable,Free printable Tracing worksheet for Preschool. Perfect for homeschool practice and classroom activities.,https://mathworksheetkidscircle.github.io/html/printable-tracing-worksheet-for-kids-part-179-6427.html,https://mathworksheetkidscircle.github.io/images/printable-tracing-worksheet-for-kids-part-179-6427.jpg,Elementary Math Activities,04/21/2026 04:29:00 PM
Math Word Problem Worksheet,Fun and engaging Word Problem worksheet for Grade 3. Perfect printable math practice.,https://mathworksheetkidscircle.github.io/html/math-word-problem-worksheet-6193.html,https://mathworksheetkidscircle.github.io/images/math-word-problem-worksheet-6193.jpg,Kids Math Worksheets,04/21/2026 08:38:00 PM
Grade 3 Addition Practice Worksheet (16 Problems) - Part 181 | Printable Practice,Fun and engaging Addition worksheet for Grade 3. Perfect printable math practice.,https://mathworksheetkidscircle.github.io/html/grade-3-addition-practice-worksheet-16-problems-part-181-9875.html,https://mathworksheetkidscircle.github.io/images/grade-3-addition-practice-worksheet-16-problems-part-181-9875.jpg,Kids Math Worksheets,04/22/2026 08:36:00 AM
Printable Count and Color Worksheet for Preschool Kids,Printable Count and Color worksheet designed for Preschool students. Easy and fun math practice.,https://mathworksheetkidscircle.github.io/html/printable-count-and-color-worksheet-for-preschool-kids-6932.html,https://mathworksheetkidscircle.github.io/images/printable-count-and-color-worksheet-for-preschool-kids-6932.jpg,Kids Math Worksheets,04/22/2026 11:00:00 AM
Kindergarten Count The Objects Worksheet - Part 183 | Printable Practice,Free printable Counting Objects worksheet for Kindergarten. Perfect for homeschool practice and classroom activities.,https://mathworksheetkidscircle.github.io/html/kindergarten-count-the-objects-worksheet-part-183-7278.html,https://mathworksheetkidscircle.github.io/images/kindergarten-count-the-objects-worksheet-part-183-7278.jpg,Elementary Math Activities,04/22/2026 01:31:00 PM
Grade 1 Division Practice Worksheet (19 Problems) - Part 184 | Printable Practice,Printable Division worksheet designed for Grade 1 students. Easy and fun math practice.,https://mathworksheetkidscircle.github.io/html/grade-1-division-practice-worksheet-19-problems-part-184-9799.html,https://mathworksheetkidscircle.github.io/images/grade-1-division-practice-worksheet-19-problems-part-184-9799.jpg,Printable Worksheets,04/22/2026 04:28:00 PM
4 Math Quiz for Math Learners,Fun and engaging Math worksheet for Math. Perfect printable math practice.,https://mathworksheetkidscircle.github.io/html/4-math-quiz-for-math-learners-9701.html,https://mathworksheetkidscircle.github.io/images/4-math-quiz-for-math-learners-9701.jpg,Homeschool Math,04/22/2026 08:36:00 PM
Missing Number Math Worksheet,Help kids master Missing Number with this printable worksheet for Grade 1. Great for daily math practice.,https://mathworksheetkidscircle.github.io/html/missing-number-math-worksheet-3302.html,https://mathworksheetkidscircle.github.io/images/missing-number-math-worksheet-3302.jpg,Math Practice Printables,04/23/2026 08:37:00 AM
Mixed Operations Math Worksheet,Free printable Mixed Operations worksheet for Grade 3. Perfect for homeschool practice and classroom activities.,https://mathworksheetkidscircle.github.io/html/mixed-operations-math-worksheet-6367.html,https://mathworksheetkidscircle.github.io/images/mixed-operations-math-worksheet-6367.jpg,Kids Math Worksheets,04/23/2026 11:00:00 AM
Free 11 Multiplication Math Worksheet For Grade 2 - Part 188 | Printable Practice,Fun and engaging Multiplication worksheet for Grade 2. Perfect printable math practice.,https://mathworksheetkidscircle.github.io/html/free-11-multiplication-math-worksheet-for-grade-2-part-188-6911.html,https://mathworksheetkidscircle.github.io/images/free-11-multiplication-math-worksheet-for-grade-2-part-188-6911.jpg,Homeschool Math,04/23/2026 01:32:00 PM
Free 23 Subtraction Math Worksheet For Grade 2 With Answers - Part 189 | Printable Practice,Teachers and parents love this Subtraction worksheet for Grade 2. Download and print instantly.,https://mathworksheetkidscircle.github.io/html/free-23-subtraction-math-worksheet-for-grade-2-with-answers-part-189-1325.html,https://mathworksheetkidscircle.github.io/images/free-23-subtraction-math-worksheet-for-grade-2-with-answers-part-189-1325.jpg,Math Practice Printables,04/23/2026 04:26:00 PM
5 Times Table Worksheet For Grade 2 With Answers - Part 190 | Printable Practice,Help kids master Times Table with this printable worksheet for Grade 2. Great for daily math practice.,https://mathworksheetkidscircle.github.io/html/5-times-table-worksheet-for-grade-2-with-answers-part-190-9630.html,https://mathworksheetkidscircle.github.io/images/5-times-table-worksheet-for-grade-2-with-answers-part-190-9630.jpg,Math Practice Printables,04/23/2026 08:25:00 PM
Printable Tracing Worksheet For Kids - Part 191 | Free Printable,Free printable Tracing worksheet for Kindergarten. Perfect for homeschool practice and classroom activities.,https://mathworksheetkidscircle.github.io/html/printable-tracing-worksheet-for-kids-part-191-5386.html,https://mathworksheetkidscircle.github.io/images/printable-tracing-worksheet-for-kids-part-191-5386.jpg,Kids Math Worksheets,04/24/2026 08:36:00 AM
Math Word Problem Worksheet,Fun and engaging Word Problem worksheet for Grade 3. Perfect printable math practice.,https://mathworksheetkidscircle.github.io/html/math-word-problem-worksheet-9833.html,https://mathworksheetkidscircle.github.io/images/math-word-problem-worksheet-9833.jpg,Homeschool Math,04/24/2026 11:00:00 AM
Free 10 Addition Math Worksheet For Grade 5 With Answers - Part 193 | Printable Practice,Teachers and parents love this Addition worksheet for Grade 5. Download and print instantly.,https://mathworksheetkidscircle.github.io/html/free-10-addition-math-worksheet-for-grade-5-with-answers-part-193-1108.html,https://mathworksheetkidscircle.github.io/images/free-10-addition-math-worksheet-for-grade-5-with-answers-part-193-1108.jpg,Printable Worksheets,04/24/2026 01:35:00 PM
"Count and Color Ball, Ball, Square Worksheet for Kids",Free printable Count and Color worksheet for Grade 1. Perfect for homeschool practice and classroom activities.,https://mathworksheetkidscircle.github.io/html/count-and-color-ball-ball-square-worksheet-for-kids-3005.html,https://mathworksheetkidscircle.github.io/images/count-and-color-ball-ball-square-worksheet-for-kids-3005.jpg,Homeschool Math,04/24/2026 04:23:00 PM
Free Counting Objects Worksheet For Kindergarten - Part 195 | Printable Practice,Help kids master Counting Objects with this printable worksheet for Kindergarten. Great for daily math practice.,https://mathworksheetkidscircle.github.io/html/free-counting-objects-worksheet-for-kindergarten-part-195-3811.html,https://mathworksheetkidscircle.github.io/images/free-counting-objects-worksheet-for-kindergarten-part-195-3811.jpg,Homeschool Math,04/24/2026 08:29:00 PM
Printable Free 16 Division Math Worksheet For Grade 1 - Part 196 | Printable Practice,Teachers and parents love this Division worksheet for Grade 1. Download and print instantly.,https://mathworksheetkidscircle.github.io/html/printable-free-16-division-math-worksheet-for-grade-1-part-196-4315.html,https://mathworksheetkidscircle.github.io/images/printable-free-16-division-math-worksheet-for-grade-1-part-196-4315.jpg,Math Practice Printables,04/25/2026 08:32:00 AM
7 Mathematics Quiz Test Worksheet for Study,Fun and engaging Math worksheet for Math. Perfect printable math practice.,https://mathworksheetkidscircle.github.io/html/7-mathematics-quiz-test-worksheet-for-study-5346.html,https://mathworksheetkidscircle.github.io/images/7-mathematics-quiz-test-worksheet-for-study-5346.jpg,Printable Worksheets,04/25/2026 11:05:00 AM
Missing Number Math Worksheet,Teachers and parents love this Missing Number worksheet for Grade 1. Download and print instantly.,https://mathworksheetkidscircle.github.io/html/missing-number-math-worksheet-7187.html,https://mathworksheetkidscircle.github.io/images/missing-number-math-worksheet-7187.jpg,Homeschool Math,04/25/2026 01:22:00 PM
Mixed Operations Math Worksheet,Help kids master Mixed Operations with this printable worksheet for Grade 3. Great for daily math practice.,https://mathworksheetkidscircle.github.io/html/mixed-operations-math-worksheet-9146.html,https://mathworksheetkidscircle.github.io/images/mixed-operations-math-worksheet-9146.jpg,Elementary Math Activities,04/25/2026 04:26:00 PM
Printable Free 15 Multiplication Math Worksheet For Grade 2 - Part 200 | Printable Practice,Help kids master Multiplication with this printable worksheet for Grade 2. Great for daily math practice.,https://mathworksheetkidscircle.github.io/html/printable-free-15-multiplication-math-worksheet-for-grade-2-part-200-4087.html,https://mathworksheetkidscircle.github.io/images/printable-free-15-multiplication-math-worksheet-for-grade-2-part-200-4087.jpg,Elementary Math Activities,04/25/2026 08:25:00 PM
